{"cameraMode":{"drawMode":0,"name":"Shaded","section":"Shading Mode"},"sceneLighting":false,"audioPlay":false,"sceneViewState":{"m_AlwaysRefresh":false,"showFog":true,"showSkybox":true,"showFlares":true,"showImageEffects":true,"showParticleSystems":true,"showVisualEffectGraphs":true,"m_FxEnabled":true},"in2DMode":false,"pivot":{"x":-2.3630716800689699,"y":-0.1456853151321411,"z":-0.38112449645996096},"rotation":{"x":0.12275293469429016,"y":-0.8002137541770935,"z":0.17533327639102937,"w":0.5602341294288635},"size":4.82895040512085,"orthographic":false}