{"cameraMode":{"drawMode":0,"name":"Shaded","section":"Shading Mode"},"sceneLighting":false,"audioPlay":false,"sceneViewState":{"m_AlwaysRefresh":false,"showFog":false,"showSkybox":false,"showFlares":false,"showImageEffects":false,"showParticleSystems":false,"showVisualEffectGraphs":true,"m_FxEnabled":true},"in2DMode":false,"pivot":{"x":-0.09985482692718506,"y":0.7349846959114075,"z":0.05353124439716339},"rotation":{"x":0.29018181562423708,"y":0.5176724195480347,"z":-0.1921982318162918,"w":0.7815830111503601},"size":1.0265617370605469,"orthographic":false}